<?xml version="1.0" encoding="UTF-8" standalone="yes"?>
<Project>
	<CommuSetting>
		<RS-232>
			<Protocol>1</Protocol>
			<Port>1</Port>
			<Speed>9600</Speed>
			<Size>8</Size>
			<Parity>2</Parity>
			<StopBits>2</StopBits>
			<SendTimeout>5000</SendTimeout>
			<RecvTimeout>30000</RecvTimeout>
			<Retry>3</Retry>
		</RS-232>
		<TCPIP>
			<Adress>192.168.0.20</Adress>
			<Port>10001</Port>
			<SendTimeout>5000</SendTimeout>
			<RecvTimeout>30000</RecvTimeout>
			<Retry>0</Retry>
		</TCPIP>
		<USB>
			<SendTimeout>5000</SendTimeout>
			<RecvTimeout>30000</RecvTimeout>
			<Retry>3</Retry>
		</USB>
	</CommuSetting>
	<ScreenRect>
		<Screen295>
			<AdditionalInfo/>
			<Left>10</Left>
			<Top>497</Top>
			<Right>323</Right>
			<Bottom>1050</Bottom>
		</Screen295>
		<Screen2721>
			<AdditionalInfo>1</AdditionalInfo>
			<Left>0</Left>
			<Top>0</Top>
			<Right>667</Right>
			<Bottom>360</Bottom>
		</Screen2721>
		<Screen2722>
			<AdditionalInfo>1</AdditionalInfo>
			<Left>0</Left>
			<Top>0</Top>
			<Right>667</Right>
			<Bottom>360</Bottom>
		</Screen2722>
		<Screen2723>
			<AdditionalInfo>1</AdditionalInfo>
			<Left>0</Left>
			<Top>0</Top>
			<Right>667</Right>
			<Bottom>360</Bottom>
		</Screen2723>
	</ScreenRect>
	<ProjComment/>
	<RCtype>5</RCtype>
	<MECHA1>RV-7FR-D</MECHA1>
	<RLNG>3</RLNG>
	<Localization>
	</Localization>
	<Travel_prm_set>0</Travel_prm_set>
	<Travel_use>0</Travel_use>
	<Travel_direct>0</Travel_direct>
	<Travel_joint>0</Travel_joint>
	<Travel_plus>1000.000</Travel_plus>
	<Travel_minus>-1000.000</Travel_minus>
	<Travel_limit_plus>1000.000</Travel_limit_plus>
	<Travel_limit_minus>-1000.000</Travel_limit_minus>
	<Travel_display>1</Travel_display>
	<Travel_width>800.000</Travel_width>
	<Travel_high>300.000</Travel_high>
	<Travel_pitch>0.000</Travel_pitch>
	<Travel_use2>0</Travel_use2>
	<Travel_direct2>1</Travel_direct2>
	<Travel_joint2>1</Travel_joint2>
	<Travel_plus2>1000.000</Travel_plus2>
	<Travel_minus2>-1000.000</Travel_minus2>
	<Travel_limit_plus2>1000.000</Travel_limit_plus2>
	<Travel_limit_minus2>-1000.000</Travel_limit_minus2>
	<Travel_display2>1</Travel_display2>
	<Travel_width2>800.000</Travel_width2>
	<Travel_high2>300.000</Travel_high2>
	<Travel_pitch2>0.000</Travel_pitch2>
	<Connect>4</Connect>
</Project>