<?xml version="1.0" encoding="UTF-8" standalone="yes"?>
<Project>
	<CommuSetting>
		<RS-232>
			<Protocol>1</Protocol>
			<Port>1</Port>
			<Speed>9600</Speed>
			<Size>8</Size>
			<Parity>2</Parity>
			<StopBits>2</StopBits>
			<SendTimeout>5000</SendTimeout>
			<RecvTimeout>30000</RecvTimeout>
			<Retry>3</Retry>
		</RS-232>
		<TCPIP>
			<Adress>192.168.0.20</Adress>
			<Port>10001</Port>
			<SendTimeout>5000</SendTimeout>
			<RecvTimeout>30000</RecvTimeout>
			<Retry>0</Retry>
		</TCPIP>
		<USB>
			<SendTimeout>5000</SendTimeout>
			<RecvTimeout>5000</RecvTimeout>
			<Retry>3</Retry>
		</USB>
	</CommuSetting>
	<ScreenRect>
		<Screen225>
			<AdditionalInfo>1</AdditionalInfo>
			<Left>26</Left>
			<Top>26</Top>
			<Right>738</Right>
			<Bottom>677</Bottom>
		</Screen225>
		<Screen392>
			<AdditionalInfo>O9</AdditionalInfo>
			<Left>0</Left>
			<Top>0</Top>
			<Right>568</Right>
			<Bottom>429</Bottom>
		</Screen392>
		<Screen295>
			<AdditionalInfo/>
			<Left>1245</Left>
			<Top>345</Top>
			<Right>1558</Right>
			<Bottom>649</Bottom>
		</Screen295>
		<Screen392>
			<AdditionalInfo>O2</AdditionalInfo>
			<Left>568</Left>
			<Top>-1</Top>
			<Right>1136</Right>
			<Bottom>404</Bottom>
		</Screen392>
		<Screen392>
			<AdditionalInfo>O1</AdditionalInfo>
			<Left>130</Left>
			<Top>130</Top>
			<Right>770</Right>
			<Bottom>530</Bottom>
		</Screen392>
		<Screen392>
			<AdditionalInfo>O3</AdditionalInfo>
			<Left>580</Left>
			<Top>1</Top>
			<Right>1220</Right>
			<Bottom>415</Bottom>
		</Screen392>
		<Screen392>
			<AdditionalInfo>O7</AdditionalInfo>
			<Left>674</Left>
			<Top>2</Top>
			<Right>1314</Right>
			<Bottom>554</Bottom>
		</Screen392>
		<Screen392>
			<AdditionalInfo>O8</AdditionalInfo>
			<Left>681</Left>
			<Top>24</Top>
			<Right>1249</Right>
			<Bottom>452</Bottom>
		</Screen392>
		<Screen392>
			<AdditionalInfo>O12</AdditionalInfo>
			<Left>52</Left>
			<Top>52</Top>
			<Right>692</Right>
			<Bottom>452</Bottom>
		</Screen392>
		<Screen392>
			<AdditionalInfo>O4</AdditionalInfo>
			<Left>54</Left>
			<Top>-2</Top>
			<Right>621</Right>
			<Bottom>398</Bottom>
		</Screen392>
		<Screen392>
			<AdditionalInfo>O5</AdditionalInfo>
			<Left>2</Left>
			<Top>1</Top>
			<Right>555</Right>
			<Bottom>442</Bottom>
		</Screen392>
		<Screen392>
			<AdditionalInfo>O6</AdditionalInfo>
			<Left>667</Left>
			<Top>-5</Top>
			<Right>1307</Right>
			<Bottom>426</Bottom>
		</Screen392>
		<Screen392>
			<AdditionalInfo>X5</AdditionalInfo>
			<Left>654</Left>
			<Top>0</Top>
			<Right>1294</Right>
			<Bottom>513</Bottom>
		</Screen392>
		<Screen392>
			<AdditionalInfo>X1</AdditionalInfo>
			<Left>10</Left>
			<Top>-1</Top>
			<Right>650</Right>
			<Bottom>515</Bottom>
		</Screen392>
		<Screen392>
			<AdditionalInfo>X2</AdditionalInfo>
			<Left>653</Left>
			<Top>-3</Top>
			<Right>1293</Right>
			<Bottom>520</Bottom>
		</Screen392>
		<Screen392>
			<AdditionalInfo>X3</AdditionalInfo>
			<Left>657</Left>
			<Top>-14</Top>
			<Right>1297</Right>
			<Bottom>532</Bottom>
		</Screen392>
		<Screen392>
			<AdditionalInfo>X4</AdditionalInfo>
			<Left>652</Left>
			<Top>39</Top>
			<Right>1292</Right>
			<Bottom>544</Bottom>
		</Screen392>
		<Screen392>
			<AdditionalInfo>X6</AdditionalInfo>
			<Left>688</Left>
			<Top>-6</Top>
			<Right>1328</Right>
			<Bottom>522</Bottom>
		</Screen392>
		<Screen392>
			<AdditionalInfo>X7</AdditionalInfo>
			<Left>652</Left>
			<Top>0</Top>
			<Right>1292</Right>
			<Bottom>539</Bottom>
		</Screen392>
		<Screen392>
			<AdditionalInfo>X8</AdditionalInfo>
			<Left>407</Left>
			<Top>31</Top>
			<Right>1224</Right>
			<Bottom>586</Bottom>
		</Screen392>
		<Screen392>
			<AdditionalInfo>X9</AdditionalInfo>
			<Left>52</Left>
			<Top>52</Top>
			<Right>692</Right>
			<Bottom>452</Bottom>
		</Screen392>
		<Screen2721>
			<AdditionalInfo>1</AdditionalInfo>
			<Left>26</Left>
			<Top>26</Top>
			<Right>693</Right>
			<Bottom>386</Bottom>
		</Screen2721>
		<Screen2796>
			<AdditionalInfo>1</AdditionalInfo>
			<Left>26</Left>
			<Top>26</Top>
			<Right>665</Right>
			<Bottom>385</Bottom>
		</Screen2796>
		<Screen273>
			<AdditionalInfo>1</AdditionalInfo>
			<Left>52</Left>
			<Top>52</Top>
			<Right>316</Right>
			<Bottom>332</Bottom>
		</Screen273>
		<Screen279>
			<AdditionalInfo>1</AdditionalInfo>
			<Left>78</Left>
			<Top>78</Top>
			<Right>472</Right>
			<Bottom>384</Bottom>
		</Screen279>
		<Screen2078>
			<AdditionalInfo>1</AdditionalInfo>
			<Left>104</Left>
			<Top>104</Top>
			<Right>554</Right>
			<Bottom>422</Bottom>
		</Screen2078>
		<Screen2722>
			<AdditionalInfo>1</AdditionalInfo>
			<Left>0</Left>
			<Top>0</Top>
			<Right>667</Right>
			<Bottom>360</Bottom>
		</Screen2722>
		<Screen2723>
			<AdditionalInfo>1</AdditionalInfo>
			<Left>0</Left>
			<Top>0</Top>
			<Right>667</Right>
			<Bottom>360</Bottom>
		</Screen2723>
		<Screen2724>
			<AdditionalInfo>1</AdditionalInfo>
			<Left>0</Left>
			<Top>0</Top>
			<Right>667</Right>
			<Bottom>360</Bottom>
		</Screen2724>
		<Screen2725>
			<AdditionalInfo>1</AdditionalInfo>
			<Left>0</Left>
			<Top>0</Top>
			<Right>667</Right>
			<Bottom>360</Bottom>
		</Screen2725>
		<Screen392>
			<AdditionalInfo>CHE</AdditionalInfo>
			<Left>52</Left>
			<Top>52</Top>
			<Right>692</Right>
			<Bottom>452</Bottom>
		</Screen392>
		<Screen277>
			<AdditionalInfo>1</AdditionalInfo>
			<Left>52</Left>
			<Top>52</Top>
			<Right>477</Right>
			<Bottom>323</Bottom>
		</Screen277>
	</ScreenRect>
	<ProjComment/>
	<RCtype>5</RCtype>
	<MECHA1>RV-7FR-D</MECHA1>
	<RLNG>3</RLNG>
	<Localization/>
	<Travel_prm_set>0</Travel_prm_set>
	<Travel_use>0</Travel_use>
	<Travel_direct>0</Travel_direct>
	<Travel_joint>0</Travel_joint>
	<Travel_plus>1000.000</Travel_plus>
	<Travel_minus>-1000.000</Travel_minus>
	<Travel_limit_plus>1000.000</Travel_limit_plus>
	<Travel_limit_minus>-1000.000</Travel_limit_minus>
	<Travel_display>1</Travel_display>
	<Travel_width>800.000</Travel_width>
	<Travel_high>300.000</Travel_high>
	<Travel_pitch>0.000</Travel_pitch>
	<Travel_use2>0</Travel_use2>
	<Travel_direct2>1</Travel_direct2>
	<Travel_joint2>1</Travel_joint2>
	<Travel_plus2>1000.000</Travel_plus2>
	<Travel_minus2>-1000.000</Travel_minus2>
	<Travel_limit_plus2>1000.000</Travel_limit_plus2>
	<Travel_limit_minus2>-1000.000</Travel_limit_minus2>
	<Travel_display2>1</Travel_display2>
	<Travel_width2>800.000</Travel_width2>
	<Travel_high2>300.000</Travel_high2>
	<Travel_pitch2>0.000</Travel_pitch2>
	<Connect>1</Connect>
</Project>