<?xml version="1.0" encoding="UTF-8" standalone="yes"?>
<Workspace>
	<Workspace_Title/>
	<Workspace_Vertion>1.1.0</Workspace_Vertion>
	<Workspace_Date>2022/07/17 15:16:32</Workspace_Date>
	<Display3D>
		<RobotModelType>0</RobotModelType>
	</Display3D>
	<Project>RC1</Project>
	<LastLayoutSelect>Layout</LastLayoutSelect>
	<ScreenRect>
		<Screen160>
			<AdditionalInfo/>
			<Left>-3</Left>
			<Top>-1</Top>
			<Right>613</Right>
			<Bottom>587</Bottom>
		</Screen160>
	</ScreenRect>
	<Project>RC2</Project>
	<LastOnlineSelect>
		<ProjectName>RC1</ProjectName>
	</LastOnlineSelect>
</Workspace>