<?xml version="1.0" encoding="UTF-8"?>
<DockingPaneLayouts CompactMode="1">
	<WorkspacePaneLayout>
		<Summary Panes="19" TopContainer="9" Client="13"/>
		<Pane-1 Type="0" DockingCX="200" DockingCY="120" Title="Workspace\n\n" ID="22000" DockingHolder="12" LastHolder="12"/>
		<Pane-2 Type="0" DockingCX="200" DockingCY="120" Title="Properties\n\n" ID="22001" DockingHolder="15" LastHolder="15"/>
		<Pane-3 Type="0" DockingCX="200" DockingCY="120" Title="Output\n\n" ID="22002" DockingHolder="18" LastHolder="18"/>
		<Pane-4 Type="0" DockingCX="200" DockingCY="120" Title="Search\n\n" ID="22003" DockingHolder="19" LastHolder="19"/>
		<Pane-5 Type="0" DockingCX="200" DockingCY="120" Title="Layout Tree\n\n" ID="22004" DockingHolder="16" LastHolder="16"/>
		<Pane-6 Type="0" DockingCX="200" DockingCY="120" Title="Hand Edit Tree\n\n" ID="22005" DockingHolder="16" LastHolder="16"/>
		<Pane-7 Type="0" DockingCX="200" DockingCY="120" Title="Robot Parts Edit Tree\n\n" ID="22007" DockingHolder="16" LastHolder="16"/>
		<Pane-8 Type="0" DockingCX="200" DockingCY="120" Title="MELFA-Works\n\n" ID="22006" DockingHolder="12" LastHolder="12"/>
		<Pane-9 Type="2" Horiz="1" Panes="1" Pane-1="10"/>
		<Pane-10 Type="2" Panes="2" Pane-1="11" Pane-2="17"/>
		<Pane-11 Type="2" DockingCY="469" Horiz="1" Panes="3" Pane-1="12" Pane-2="13" Pane-3="14"/>
		<Pane-12 Type="1" DockingCX="291" DockingCY="120" Panes="1" Selected="1" Pane-1="1"/>
		<Pane-13 Type="4" DockingCX="933"/>
		<Pane-14 Type="2" DockingCX="200" DockingCY="120" Panes="2" Pane-1="15" Pane-2="16"/>
		<Pane-15 Type="1" DockingCX="200" DockingCY="120" Panes="1" Selected="2" Pane-1="2"/>
		<Pane-16 Type="1" DockingCX="200" DockingCY="120" Panes="0"/>
		<Pane-17 Type="2" DockingCX="200" DockingCY="120" Horiz="1" Panes="2" Pane-1="18" Pane-2="19"/>
		<Pane-18 Type="1" DockingCX="200" DockingCY="120" Panes="1" Selected="3" Pane-1="3"/>
		<Pane-19 Type="1" DockingCX="200" DockingCY="120" Panes="1" Selected="4" Pane-1="4"/>
	</WorkspacePaneLayout>
</DockingPaneLayouts>
